{
  "resourceType": "Condition",
  "id": "PrimaryCancerHulafe-1",
  "meta": {
    "profile": [
      "http://hl7.eu/fhir/ig/pcsp/StructureDefinition/Condition-primaryCancer-eu-pcsp"
    ]
  },
  "language": "es-ES",
  "extension": [
    {
      "url": "http://hl7.org/fhir/StructureDefinition/condition-assertedDate",
      "valueDateTime": "2021"
    },
    {
      "url": "http://hl7.org/fhir/us/mcode/StructureDefinition/mcode-histology-morphology-behavior",
      "valueCodeableConcept": {
        "coding": [
          {
            "code": "8260/3",
            "system": "http://terminology.hl7.org/CodeSystem/icd-o-3",
            "display": "8260/3 - Carcinoma papilar de tiroides"
          }
        ]
      }
    }
  ],
  "code": {
    "coding": [
      {
        "code": "UNC",
        "system": "http://terminology.hl7.org/CodeSystem/v3-NullFlavor",
        "display": "un-encoded"
      }
    ],
    "text": "Carcinoma tiroides"
  },
  "bodySite": [
    {
      "extension": [
        {
          "url": "http://hl7.eu/fhir/ig/pcsp/StructureDefinition/mcode-laterality-qualifier",
          "valueCodeableConcept": {
            "coding": [
              {
                "code": "NA",
                "system": "http://terminology.hl7.org/CodeSystem/v3-NullFlavor",
                "display": "Not Applicable"
              }
            ]
          }
        }
      ],
      "coding": [
        {
          "code": "C73.9",
          "system": "http://terminology.hl7.org/CodeSystem/icd-o-3",
          "display": "C73.9 - Tiroides"
        }
      ],
      "text": "C73.9"
    }
  ],
  "subject": {
    "reference": "Patient/PatientHulafe-1",
    "type": "Patient"
  },
  "encounter": {
    "reference": "Encounter/EncHulafe-1",
    "type": "Encounter"
  },
  "stage": [
    {
      "summary": {
        "coding": [
          {
            "code": "UNC",
            "system": "http://terminology.hl7.org/CodeSystem/v3-NullFlavor",
            "display": "UNC - un-encoded"
          }
        ],
        "text": "pT1a"
      }
    }
  ],
  "note": [
    {
      "text": "Alergia al epitelio de gato"
    }
  ]
}
