{
  "resourceType": "MedicationAdministration",
  "id": "ChemoHulafe-1-Metotrexato",
  "meta": {
    "profile": [
      "http://hl7.eu/fhir/ig/pcsp/StructureDefinition/MedicationAdministration-eu-pcsp"
    ]
  },
  "extension": [
    {
      "url": "http://hl7.eu/fhir/ig/pcsp/StructureDefinition/event-location",
      "valueReference": {
        "reference": "Location/ChemoHulafe-1-Location"
      }
    },
    {
      "url": "http://hl7.eu/fhir/ig/pcsp/StructureDefinition/resource-relatedInfo",
      "valueReference": {
        "reference": "Observation/ChemoHulafe-1-Metotrexato-dose"
      }
    }
  ],
  "effectivePeriod": {
    "start": "2012-08-08",
    "end": "2012-10-11"
  },
  "status": "completed",
  "subject": {
    "reference": "Patient/PatientHulafe-1",
    "type": "Patient"
  },
  "reasonReference": [
    {
      "reference": "Condition/PrimaryCancerHulafe-1"
    }
  ],
  "medicationCodeableConcept": {
    "coding": [
      {
        "code": "L01BA01",
        "system": "http://www.whocc.no/atc",
        "display": "Metotrexato"
      }
    ]
  }
}
