{
  "resourceType": "Observation",
  "id": "ChemoHulafe-1-Ciclofosfamide-dose",
  "meta": {
    "profile": [
      "http://hl7.eu/fhir/ig/pcsp/StructureDefinition/Observation-cumulativeDoseChemo-eu-pcsp"
    ]
  },
  "code": {
    "coding": [
      {
        "code": "cumulativeDose",
        "system": "http://hl7.eu/fhir/ig/pcsp/CodeSystem/cs-generic-eu-pcsp"
      }
    ]
  },
  "valueQuantity": {
    "system": "http://unitsofmeasure.org",
    "code": "mg/m2",
    "unit": "mg/m2",
    "value": 3000
  },
  "status": "final",
  "subject": {
    "reference": "Patient/PatientHulafe-1",
    "type": "Patient"
  },
  "method": {
    "coding": [
      {
        "code": "702873001",
        "system": "http://snomed.info/sct",
        "display": "Calculation technique"
      }
    ]
  }
}
